DITA File,XSLT,Status,Time (ms),Error,Output File
C:\Users\Metapercept\Desktop\Nilesh\New-MetR\metR-Converter-PDF\storage\942fd6d3-c493-46d0-baed-af39dd5278f0\pre-xslt-output\command_control_and_coordination_of_emergency_re.dita,unescape-tags.xsl,success,144,,C:\Users\Metapercept\Desktop\Nilesh\New-MetR\metR-Converter-PDF\storage\942fd6d3-c493-46d0-baed-af39dd5278f0\output\command_control_and_coordination_of_emergency_re.dita
C:\Users\Metapercept\Desktop\Nilesh\New-MetR\metR-Converter-PDF\storage\942fd6d3-c493-46d0-baed-af39dd5278f0\pre-xslt-output\command_control_and_coordination_of_emergency_re.dita,fix_p_warning_to_note.xsl,success,43,,C:\Users\Metapercept\Desktop\Nilesh\New-MetR\metR-Converter-PDF\storage\942fd6d3-c493-46d0-baed-af39dd5278f0\output\command_control_and_coordination_of_emergency_re.dita
C:\Users\Metapercept\Desktop\Nilesh\New-MetR\metR-Converter-PDF\storage\942fd6d3-c493-46d0-baed-af39dd5278f0\pre-xslt-output\command_control_and_coordination_of_emergency_re.dita,fix_consecutive_p_to_list.xsl,success,160,,C:\Users\Metapercept\Desktop\Nilesh\New-MetR\metR-Converter-PDF\storage\942fd6d3-c493-46d0-baed-af39dd5278f0\output\command_control_and_coordination_of_emergency_re.dita
C:\Users\Metapercept\Desktop\Nilesh\New-MetR\metR-Converter-PDF\storage\942fd6d3-c493-46d0-baed-af39dd5278f0\pre-xslt-output\command_control_and_coordination_of_emergency_re.dita,table.xsl,success,21,,C:\Users\Metapercept\Desktop\Nilesh\New-MetR\metR-Converter-PDF\storage\942fd6d3-c493-46d0-baed-af39dd5278f0\output\command_control_and_coordination_of_emergency_re.dita
C:\Users\Metapercept\Desktop\Nilesh\New-MetR\metR-Converter-PDF\storage\942fd6d3-c493-46d0-baed-af39dd5278f0\pre-xslt-output\command_control_and_coordination_of_emergency_re.dita,codeblock.xsl,success,20,,C:\Users\Metapercept\Desktop\Nilesh\New-MetR\metR-Converter-PDF\storage\942fd6d3-c493-46d0-baed-af39dd5278f0\output\command_control_and_coordination_of_emergency_re.dita
C:\Users\Metapercept\Desktop\Nilesh\New-MetR\metR-Converter-PDF\storage\942fd6d3-c493-46d0-baed-af39dd5278f0\pre-xslt-output\command_control_and_coordination_of_emergency_re.dita,concept.xsl,success,22,,C:\Users\Metapercept\Desktop\Nilesh\New-MetR\metR-Converter-PDF\storage\942fd6d3-c493-46d0-baed-af39dd5278f0\output\command_control_and_coordination_of_emergency_re.dita
C:\Users\Metapercept\Desktop\Nilesh\New-MetR\metR-Converter-PDF\storage\942fd6d3-c493-46d0-baed-af39dd5278f0\pre-xslt-output\operating_manualtraffic.ditamap,unescape-tags.xsl,success,3,,C:\Users\Metapercept\Desktop\Nilesh\New-MetR\metR-Converter-PDF\storage\942fd6d3-c493-46d0-baed-af39dd5278f0\output\operating_manualtraffic.ditamap
C:\Users\Metapercept\Desktop\Nilesh\New-MetR\metR-Converter-PDF\storage\942fd6d3-c493-46d0-baed-af39dd5278f0\pre-xslt-output\operating_manualtraffic.ditamap,fix_p_warning_to_note.xsl,success,1,,C:\Users\Metapercept\Desktop\Nilesh\New-MetR\metR-Converter-PDF\storage\942fd6d3-c493-46d0-baed-af39dd5278f0\output\operating_manualtraffic.ditamap
C:\Users\Metapercept\Desktop\Nilesh\New-MetR\metR-Converter-PDF\storage\942fd6d3-c493-46d0-baed-af39dd5278f0\pre-xslt-output\operating_manualtraffic.ditamap,fix_consecutive_p_to_list.xsl,success,1,,C:\Users\Metapercept\Desktop\Nilesh\New-MetR\metR-Converter-PDF\storage\942fd6d3-c493-46d0-baed-af39dd5278f0\output\operating_manualtraffic.ditamap
C:\Users\Metapercept\Desktop\Nilesh\New-MetR\metR-Converter-PDF\storage\942fd6d3-c493-46d0-baed-af39dd5278f0\pre-xslt-output\operating_manualtraffic.ditamap,table.xsl,success,1,,C:\Users\Metapercept\Desktop\Nilesh\New-MetR\metR-Converter-PDF\storage\942fd6d3-c493-46d0-baed-af39dd5278f0\output\operating_manualtraffic.ditamap
C:\Users\Metapercept\Desktop\Nilesh\New-MetR\metR-Converter-PDF\storage\942fd6d3-c493-46d0-baed-af39dd5278f0\pre-xslt-output\operating_manualtraffic.ditamap,codeblock.xsl,success,1,,C:\Users\Metapercept\Desktop\Nilesh\New-MetR\metR-Converter-PDF\storage\942fd6d3-c493-46d0-baed-af39dd5278f0\output\operating_manualtraffic.ditamap
C:\Users\Metapercept\Desktop\Nilesh\New-MetR\metR-Converter-PDF\storage\942fd6d3-c493-46d0-baed-af39dd5278f0\pre-xslt-output\operating_manualtraffic.ditamap,map.xsl,success,1,,C:\Users\Metapercept\Desktop\Nilesh\New-MetR\metR-Converter-PDF\storage\942fd6d3-c493-46d0-baed-af39dd5278f0\output\operating_manualtraffic.ditamap
